Version,OCP Version,Operator Version,Reboot Type,Stage,Iteration,Seconds,Total Minutes,Cluster,Kernel,Sideloaded
4.11,4.11.0-rc.5,4.11,Soft reboot,Node Pingable,1,311,10.17,worker-1,,No
4.11,4.11.0-rc.5,4.11,Soft reboot,OC Reachable,1,102,,worker-1,,No
4.11,4.11.0-rc.5,4.11,Soft reboot,Workload Recovery,1,115,,worker-1,,No
4.11,4.11.0-rc.5,4.11,Soft reboot,Cluster Recovery,1,82,,worker-1,,No
4.11,4.11.0-rc.5,4.11,Soft reboot,Node Pingable,2,304,10.23,worker-1,,No
4.11,4.11.0-rc.5,4.11,Soft reboot,OC Reachable,2,99,,worker-1,,No
4.11,4.11.0-rc.5,4.11,Soft reboot,Workload Recovery,2,125,,worker-1,,No
4.11,4.11.0-rc.5,4.11,Soft reboot,Cluster Recovery,2,86,,worker-1,,No
4.11,4.11.0-rc.5,4.11,Soft reboot,Node Pingable,3,215,8.97,worker-1,,No
4.11,4.11.0-rc.5,4.11,Soft reboot,OC Reachable,3,99,,worker-1,,No
4.11,4.11.0-rc.5,4.11,Soft reboot,Workload Recovery,3,125,,worker-1,,No
4.11,4.11.0-rc.5,4.11,Soft reboot,Cluster Recovery,3,99,,worker-1,,No
4.11,4.11.0-rc.5,4.11,Soft reboot,Node Pingable,4,303,12.57,worker-1,,No
4.11,4.11.0-rc.5,4.11,Soft reboot,OC Reachable,4,102,,worker-1,,No
4.11,4.11.0-rc.5,4.11,Soft reboot,Workload Recovery,4,235,,worker-1,,No
4.11,4.11.0-rc.5,4.11,Soft reboot,Cluster Recovery,4,114,,worker-1,,No
4.11,4.11.0-rc.5,4.11,Soft reboot,Node Pingable,5,219,10.02,worker-1,,No
4.11,4.11.0-rc.5,4.11,Soft reboot,OC Reachable,5,99,,worker-1,,No
4.11,4.11.0-rc.5,4.11,Soft reboot,Workload Recovery,5,120,,worker-1,,No
4.11,4.11.0-rc.5,4.11,Soft reboot,Cluster Recovery,5,163,,worker-1,,No
4.11,4.11.0-rc.5,4.11,Soft reboot,Node Pingable,6,218,10.38,worker-1,,No
4.11,4.11.0-rc.5,4.11,Soft reboot,OC Reachable,6,102,,worker-1,,No
4.11,4.11.0-rc.5,4.11,Soft reboot,Workload Recovery,6,120,,worker-1,,No
4.11,4.11.0-rc.5,4.11,Soft reboot,Cluster Recovery,6,183,,worker-1,,No
4.11,4.11.0-rc.5,4.11,Power off/on,Node Pingable,1,172,9.90,worker-1,,No
4.11,4.11.0-rc.5,4.11,Power off/on,OC Reachable,1,103,,worker-1,,No
4.11,4.11.0-rc.5,4.11,Power off/on,Workload Recovery,1,205,,worker-1,,No
4.11,4.11.0-rc.5,4.11,Power off/on,Cluster Recovery,1,114,,worker-1,,No
4.11,4.11.0-rc.5,4.11,Power off/on,Node Pingable,2,173,9.98,worker-1,,No
4.11,4.11.0-rc.5,4.11,Power off/on,OC Reachable,2,103,,worker-1,,No
4.11,4.11.0-rc.5,4.11,Power off/on,Workload Recovery,2,225,,worker-1,,No
4.11,4.11.0-rc.5,4.11,Power off/on,Cluster Recovery,2,98,,worker-1,,No
4.11,4.11.0-rc.5,4.11,Power off/on,Node Pingable,3,174,10.52,worker-1,,No
4.11,4.11.0-rc.5,4.11,Power off/on,OC Reachable,3,105,,worker-1,,No
4.11,4.11.0-rc.5,4.11,Power off/on,Workload Recovery,3,220,,worker-1,,No
4.11,4.11.0-rc.5,4.11,Power off/on,Cluster Recovery,3,132,,worker-1,,No
4.11,4.11.0-rc.5,4.11,Power off/on,Node Pingable,4,172,10.88,worker-1,,No
4.11,4.11.0-rc.5,4.11,Power off/on,OC Reachable,4,109,,worker-1,,No
4.11,4.11.0-rc.5,4.11,Power off/on,Workload Recovery,4,240,,worker-1,,No
4.11,4.11.0-rc.5,4.11,Power off/on,Cluster Recovery,4,132,,worker-1,,No
4.11,4.11.0-rc.5,4.11,Power off/on,Node Pingable,5,173,11.10,worker-1,,No
4.11,4.11.0-rc.5,4.11,Power off/on,OC Reachable,5,105,,worker-1,,No
4.11,4.11.0-rc.5,4.11,Power off/on,Workload Recovery,5,225,,worker-1,,No
4.11,4.11.0-rc.5,4.11,Power off/on,Cluster Recovery,5,163,,worker-1,,No
4.11,4.11.0-rc.5,4.11,Power off/on,Node Pingable,6,172,11.70,worker-1,,No
4.11,4.11.0-rc.5,4.11,Power off/on,OC Reachable,6,106,,worker-1,,No
4.11,4.11.0-rc.5,4.11,Power off/on,Workload Recovery,6,245,,worker-1,,No
4.11,4.11.0-rc.5,4.11,Power off/on,Cluster Recovery,6,179,,worker-1,,No
4.11,4.11.6,4.11,Soft reboot,Node Pingable,1,311,9.90,worker-1,,No
4.11,4.11.6,4.11,Soft reboot,OC Reachable,1,99,,worker-1,,No
4.11,4.11.6,4.11,Soft reboot,Workload Recovery,1,100,,worker-1,,No
4.11,4.11.6,4.11,Soft reboot,Cluster Recovery,1,84,,worker-1,,No
4.11,4.11.6,4.11,Soft reboot,Node Pingable,2,215,8.60,worker-1,,No
4.11,4.11.6,4.11,Soft reboot,OC Reachable,2,102,,worker-1,,No
4.11,4.11.6,4.11,Soft reboot,Workload Recovery,2,115,,worker-1,,No
4.11,4.11.6,4.11,Soft reboot,Cluster Recovery,2,84,,worker-1,,No
4.11,4.11.6,4.11,Soft reboot,Node Pingable,3,311,12.45,worker-1,,No
4.11,4.11.6,4.11,Soft reboot,OC Reachable,3,87,,worker-1,,No
4.11,4.11.6,4.11,Soft reboot,Workload Recovery,3,265,,worker-1,,No
4.11,4.11.6,4.11,Soft reboot,Cluster Recovery,3,84,,worker-1,,No
4.11,4.11.6,4.11,Soft reboot,Node Pingable,4,214,9.10,worker-1,,No
4.11,4.11.6,4.11,Soft reboot,OC Reachable,4,99,,worker-1,,No
4.11,4.11.6,4.11,Soft reboot,Workload Recovery,4,115,,worker-1,,No
4.11,4.11.6,4.11,Soft reboot,Cluster Recovery,4,118,,worker-1,,No
4.11,4.11.6,4.11,Soft reboot,Node Pingable,5,216,9.70,worker-1,,No
4.11,4.11.6,4.11,Soft reboot,OC Reachable,5,102,,worker-1,,No
4.11,4.11.6,4.11,Soft reboot,Workload Recovery,5,130,,worker-1,,No
4.11,4.11.6,4.11,Soft reboot,Cluster Recovery,5,134,,worker-1,,No
4.11,4.11.6,4.11,Soft reboot,Node Pingable,6,215,9.43,worker-1,,No
4.11,4.11.6,4.11,Soft reboot,OC Reachable,6,102,,worker-1,,No
4.11,4.11.6,4.11,Soft reboot,Workload Recovery,6,115,,worker-1,,No
4.11,4.11.6,4.11,Soft reboot,Cluster Recovery,6,134,,worker-1,,No
4.11,4.11.6,4.11,Power off/on,Node Pingable,1,177,12.20,worker-1,,No
4.11,4.11.6,4.11,Power off/on,OC Reachable,1,102,,worker-1,,No
4.11,4.11.6,4.11,Power off/on,Workload Recovery,1,385,,worker-1,,No
4.11,4.11.6,4.11,Power off/on,Cluster Recovery,1,68,,worker-1,,No
4.11,4.11.6,4.11,Power off/on,Node Pingable,2,179,11.42,worker-1,,No
4.11,4.11.6,4.11,Power off/on,OC Reachable,2,143,,worker-1,,No
4.11,4.11.6,4.11,Power off/on,Workload Recovery,2,210,,worker-1,,No
4.11,4.11.6,4.11,Power off/on,Cluster Recovery,2,153,,worker-1,,No
4.11,4.11.6,4.11,Power off/on,Node Pingable,3,174,11.42,worker-1,,No
4.11,4.11.6,4.11,Power off/on,OC Reachable,3,198,,worker-1,,No
4.11,4.11.6,4.11,Power off/on,Workload Recovery,3,195,,worker-1,,No
4.11,4.11.6,4.11,Power off/on,Cluster Recovery,3,118,,worker-1,,No
4.11,4.11.6,4.11,Power off/on,Node Pingable,4,176,12.80,worker-1,,No
4.11,4.11.6,4.11,Power off/on,OC Reachable,4,168,,worker-1,,No
4.11,4.11.6,4.11,Power off/on,Workload Recovery,4,290,,worker-1,,No
4.11,4.11.6,4.11,Power off/on,Cluster Recovery,4,134,,worker-1,,No
4.11,4.11.6,4.11,Power off/on,Node Pingable,5,179,11.87,worker-1,,No
4.11,4.11.6,4.11,Power off/on,OC Reachable,5,135,,worker-1,,No
4.11,4.11.6,4.11,Power off/on,Workload Recovery,5,230,,worker-1,,No
4.11,4.11.6,4.11,Power off/on,Cluster Recovery,5,168,,worker-1,,No
4.11,4.11.6,4.11,Power off/on,Node Pingable,6,179,11.97,worker-1,,No
4.11,4.11.6,4.11,Power off/on,OC Reachable,6,132,,worker-1,,No
4.11,4.11.6,4.11,Power off/on,Workload Recovery,6,5,,worker-1,,No
4.11,4.11.6,4.11,Power off/on,Cluster Recovery,6,402,,worker-1,,No
4.12,4.12.0-0.nightly-2022-10-24-103753-spr,4.12,Soft reboot,Node Pingable,1,203,7.40,worker-0,4.18.0-372.32.1.rt7.189.el8_6.spr.x86_64,Yes
4.12,4.12.0-0.nightly-2022-10-24-103753-spr,4.12,Soft reboot,OC Reachable,1,102,,worker-0,4.18.0-372.32.1.rt7.189.el8_6.spr.x86_64,Yes
4.12,4.12.0-0.nightly-2022-10-24-103753-spr,4.12,Soft reboot,Workload Recovery,1,85,,worker-0,4.18.0-372.32.1.rt7.189.el8_6.spr.x86_64,Yes
4.12,4.12.0-0.nightly-2022-10-24-103753-spr,4.12,Soft reboot,Cluster Recovery,1,54,,worker-0,4.18.0-372.32.1.rt7.189.el8_6.spr.x86_64,Yes
4.12,4.12.0-0.nightly-2022-10-24-103753-spr,4.12,Soft reboot,Node Pingable,2,290,8.88,worker-0,4.18.0-372.32.1.rt7.189.el8_6.spr.x86_64,Yes
4.12,4.12.0-0.nightly-2022-10-24-103753-spr,4.12,Soft reboot,OC Reachable,2,99,,worker-0,4.18.0-372.32.1.rt7.189.el8_6.spr.x86_64,Yes
4.12,4.12.0-0.nightly-2022-10-24-103753-spr,4.12,Soft reboot,Workload Recovery,2,70,,worker-0,4.18.0-372.32.1.rt7.189.el8_6.spr.x86_64,Yes
4.12,4.12.0-0.nightly-2022-10-24-103753-spr,4.12,Soft reboot,Cluster Recovery,2,74,,worker-0,4.18.0-372.32.1.rt7.189.el8_6.spr.x86_64,Yes
4.12,4.12.0-0.nightly-2022-10-24-103753-spr,4.12,Power off/on,Node Pingable,1,165,8.73,worker-0,4.18.0-372.32.1.rt7.189.el8_6.spr.x86_64,Yes
4.12,4.12.0-0.nightly-2022-10-24-103753-spr,4.12,Power off/on,OC Reachable,1,136,,worker-0,4.18.0-372.32.1.rt7.189.el8_6.spr.x86_64,Yes
4.12,4.12.0-0.nightly-2022-10-24-103753-spr,4.12,Power off/on,Workload Recovery,1,185,,worker-0,4.18.0-372.32.1.rt7.189.el8_6.spr.x86_64,Yes
4.12,4.12.0-0.nightly-2022-10-24-103753-spr,4.12,Power off/on,Cluster Recovery,1,38,,worker-0,4.18.0-372.32.1.rt7.189.el8_6.spr.x86_64,Yes
4.12,4.12.0-0.nightly-2022-10-24-103753-spr,4.12,Power off/on,Node Pingable,2,165,8.12,worker-0,4.18.0-372.32.1.rt7.189.el8_6.spr.x86_64,Yes
4.12,4.12.0-0.nightly-2022-10-24-103753-spr,4.12,Power off/on,OC Reachable,2,99,,worker-0,4.18.0-372.32.1.rt7.189.el8_6.spr.x86_64,Yes
4.12,4.12.0-0.nightly-2022-10-24-103753-spr,4.12,Power off/on,Workload Recovery,2,185,,worker-0,4.18.0-372.32.1.rt7.189.el8_6.spr.x86_64,Yes
4.12,4.12.0-0.nightly-2022-10-24-103753-spr,4.12,Power off/on,Cluster Recovery,2,38,,worker-0,4.18.0-372.32.1.rt7.189.el8_6.spr.x86_64,Yes
4.12,4.12.0-0.nightly-2022-10-24-103753-telco,4.12,Soft reboot,Node Pingable,1,205,8.17,worker-0,4.18.0-372.32.1.rt7.189.el8_6.telco.x86_64,Yes
4.12,4.12.0-0.nightly-2022-10-24-103753-telco,4.12,Soft reboot,OC Reachable,1,102,,worker-0,4.18.0-372.32.1.rt7.189.el8_6.telco.x86_64,Yes
4.12,4.12.0-0.nightly-2022-10-24-103753-telco,4.12,Soft reboot,Workload Recovery,1,110,,worker-0,4.18.0-372.32.1.rt7.189.el8_6.telco.x86_64,Yes
4.12,4.12.0-0.nightly-2022-10-24-103753-telco,4.12,Soft reboot,Cluster Recovery,1,73,,worker-0,4.18.0-372.32.1.rt7.189.el8_6.telco.x86_64,Yes
4.12,4.12.0-0.nightly-2022-10-24-103753-telco,4.12,Soft reboot,Node Pingable,2,327,9.55,worker-0,4.18.0-372.32.1.rt7.189.el8_6.telco.x86_64,Yes
4.12,4.12.0-0.nightly-2022-10-24-103753-telco,4.12,Soft reboot,OC Reachable,2,99,,worker-0,4.18.0-372.32.1.rt7.189.el8_6.telco.x86_64,Yes
4.12,4.12.0-0.nightly-2022-10-24-103753-telco,4.12,Soft reboot,Workload Recovery,2,90,,worker-0,4.18.0-372.32.1.rt7.189.el8_6.telco.x86_64,Yes
4.12,4.12.0-0.nightly-2022-10-24-103753-telco,4.12,Soft reboot,Cluster Recovery,2,57,,worker-0,4.18.0-372.32.1.rt7.189.el8_6.telco.x86_64,Yes
4.12,4.12.0-0.nightly-2022-10-24-103753-telco,4.12,Power off/on,Node Pingable,1,161,31.77,worker-0,4.18.0-372.32.1.rt7.189.el8_6.telco.x86_64,Yes
4.12,4.12.0-0.nightly-2022-10-24-103753-telco,4.12,Power off/on,OC Reachable,1,162,,worker-0,4.18.0-372.32.1.rt7.189.el8_6.telco.x86_64,Yes
4.12,4.12.0-0.nightly-2022-10-24-103753-telco,4.12,Power off/on,Workload Recovery,1,1545,,worker-0,4.18.0-372.32.1.rt7.189.el8_6.telco.x86_64,Yes
4.12,4.12.0-0.nightly-2022-10-24-103753-telco,4.12,Power off/on,Cluster Recovery,1,38,,worker-0,4.18.0-372.32.1.rt7.189.el8_6.telco.x86_64,Yes
4.12,4.12.0-0.nightly-2022-10-24-103753-telco,4.12,Power off/on,Node Pingable,2,160,29.93,worker-0,4.18.0-372.32.1.rt7.189.el8_6.telco.x86_64,Yes
4.12,4.12.0-0.nightly-2022-10-24-103753-telco,4.12,Power off/on,OC Reachable,2,108,,worker-0,4.18.0-372.32.1.rt7.189.el8_6.telco.x86_64,Yes
4.12,4.12.0-0.nightly-2022-10-24-103753-telco,4.12,Power off/on,Workload Recovery,2,1490,,worker-0,4.18.0-372.32.1.rt7.189.el8_6.telco.x86_64,Yes
4.12,4.12.0-0.nightly-2022-10-24-103753-telco,4.12,Power off/on,Cluster Recovery,2,38,,worker-0,4.18.0-372.32.1.rt7.189.el8_6.telco.x86_64,Yes
4.12,4.12.0-rc.1,4.12,Soft reboot,Node Pingable,1,330,9.42,cnfdf35,4.18.0-372.36.1.rt7.193.el8_6.x86_64,Yes
4.12,4.12.0-rc.1,4.12,Soft reboot,OC Reachable,1,36,,cnfdf35,4.18.0-372.36.1.rt7.193.el8_6.x86_64,Yes
4.12,4.12.0-rc.1,4.12,Soft reboot,Workload Recovery,1,75,,cnfdf35,4.18.0-372.36.1.rt7.193.el8_6.x86_64,Yes
4.12,4.12.0-rc.1,4.12,Soft reboot,Cluster Recovery,1,124,,cnfdf35,4.18.0-372.36.1.rt7.193.el8_6.x86_64,Yes
4.12,4.12.0-rc.1,4.12,Soft reboot,Node Pingable,2,226,7.58,cnfdf35,4.18.0-372.36.1.rt7.193.el8_6.x86_64,Yes
4.12,4.12.0-rc.1,4.12,Soft reboot,OC Reachable,2,40,,cnfdf35,4.18.0-372.36.1.rt7.193.el8_6.x86_64,Yes
4.12,4.12.0-rc.1,4.12,Soft reboot,Workload Recovery,2,80,,cnfdf35,4.18.0-372.36.1.rt7.193.el8_6.x86_64,Yes
4.12,4.12.0-rc.1,4.12,Soft reboot,Cluster Recovery,2,109,,cnfdf35,4.18.0-372.36.1.rt7.193.el8_6.x86_64,Yes
4.12,4.12.0-rc.1,4.12,Soft reboot,Node Pingable,3,264,7.88,cnfdf35,4.18.0-372.36.1.rt7.193.el8_6.x86_64,Yes
4.12,4.12.0-rc.1,4.12,Soft reboot,OC Reachable,3,40,,cnfdf35,4.18.0-372.36.1.rt7.193.el8_6.x86_64,Yes
4.12,4.12.0-rc.1,4.12,Soft reboot,Workload Recovery,3,80,,cnfdf35,4.18.0-372.36.1.rt7.193.el8_6.x86_64,Yes
4.12,4.12.0-rc.1,4.12,Soft reboot,Cluster Recovery,3,89,,cnfdf35,4.18.0-372.36.1.rt7.193.el8_6.x86_64,Yes
4.12,4.12.0-rc.1,4.12,Soft reboot,Node Pingable,4,336,8.93,cnfdf35,4.18.0-372.36.1.rt7.193.el8_6.x86_64,Yes
4.12,4.12.0-rc.1,4.12,Soft reboot,OC Reachable,4,36,,cnfdf35,4.18.0-372.36.1.rt7.193.el8_6.x86_64,Yes
4.12,4.12.0-rc.1,4.12,Soft reboot,Workload Recovery,4,75,,cnfdf35,4.18.0-372.36.1.rt7.193.el8_6.x86_64,Yes
4.12,4.12.0-rc.1,4.12,Soft reboot,Cluster Recovery,4,89,,cnfdf35,4.18.0-372.36.1.rt7.193.el8_6.x86_64,Yes
4.12,4.12.0-rc.1,4.12,Soft reboot,Node Pingable,5,362,9.18,cnfdf35,4.18.0-372.36.1.rt7.193.el8_6.x86_64,Yes
4.12,4.12.0-rc.1,4.12,Soft reboot,OC Reachable,5,36,,cnfdf35,4.18.0-372.36.1.rt7.193.el8_6.x86_64,Yes
4.12,4.12.0-rc.1,4.12,Soft reboot,Workload Recovery,5,80,,cnfdf35,4.18.0-372.36.1.rt7.193.el8_6.x86_64,Yes
4.12,4.12.0-rc.1,4.12,Soft reboot,Cluster Recovery,5,73,,cnfdf35,4.18.0-372.36.1.rt7.193.el8_6.x86_64,Yes
4.12,4.12.0-rc.1,4.12,Power off/on,Node Pingable,1,231,7.93,cnfdf35,4.18.0-372.36.1.rt7.193.el8_6.x86_64,Yes
4.12,4.12.0-rc.1,4.12,Power off/on,OC Reachable,1,36,,cnfdf35,4.18.0-372.36.1.rt7.193.el8_6.x86_64,Yes
4.12,4.12.0-rc.1,4.12,Power off/on,Workload Recovery,1,155,,cnfdf35,4.18.0-372.36.1.rt7.193.el8_6.x86_64,Yes
4.12,4.12.0-rc.1,4.12,Power off/on,Cluster Recovery,1,54,,cnfdf35,4.18.0-372.36.1.rt7.193.el8_6.x86_64,Yes
4.12,4.12.0-rc.1,4.12,Power off/on,Node Pingable,2,231,7.77,cnfdf35,4.18.0-372.36.1.rt7.193.el8_6.x86_64,Yes
4.12,4.12.0-rc.1,4.12,Power off/on,OC Reachable,2,37,,cnfdf35,4.18.0-372.36.1.rt7.193.el8_6.x86_64,Yes
4.12,4.12.0-rc.1,4.12,Power off/on,Workload Recovery,2,125,,cnfdf35,4.18.0-372.36.1.rt7.193.el8_6.x86_64,Yes
4.12,4.12.0-rc.1,4.12,Power off/on,Cluster Recovery,2,73,,cnfdf35,4.18.0-372.36.1.rt7.193.el8_6.x86_64,Yes
4.12,4.12.0-rc.1,4.12,Power off/on,Node Pingable,3,264,7.88,cnfdf35,4.18.0-372.36.1.rt7.193.el8_6.x86_64,Yes
4.12,4.12.0-rc.1,4.12,Power off/on,OC Reachable,3,40,,cnfdf35,4.18.0-372.36.1.rt7.193.el8_6.x86_64,Yes
4.12,4.12.0-rc.1,4.12,Power off/on,Workload Recovery,3,80,,cnfdf35,4.18.0-372.36.1.rt7.193.el8_6.x86_64,Yes
4.12,4.12.0-rc.1,4.12,Power off/on,Cluster Recovery,3,89,,cnfdf35,4.18.0-372.36.1.rt7.193.el8_6.x86_64,Yes
4.12,4.12.0-rc.1,4.12,Power off/on,Node Pingable,4,336,8.93,cnfdf35,4.18.0-372.36.1.rt7.193.el8_6.x86_64,Yes
4.12,4.12.0-rc.1,4.12,Power off/on,OC Reachable,4,36,,cnfdf35,4.18.0-372.36.1.rt7.193.el8_6.x86_64,Yes
4.12,4.12.0-rc.1,4.12,Power off/on,Workload Recovery,4,75,,cnfdf35,4.18.0-372.36.1.rt7.193.el8_6.x86_64,Yes
4.12,4.12.0-rc.1,4.12,Power off/on,Cluster Recovery,4,89,,cnfdf35,4.18.0-372.36.1.rt7.193.el8_6.x86_64,Yes
4.12,4.12.0-rc.1,4.12,Power off/on,Node Pingable,5,234,7.90,cnfdf35,4.18.0-372.36.1.rt7.193.el8_6.x86_64,Yes
4.12,4.12.0-rc.1,4.12,Power off/on,OC Reachable,5,41,,cnfdf35,4.18.0-372.36.1.rt7.193.el8_6.x86_64,Yes
4.12,4.12.0-rc.1,4.12,Power off/on,Workload Recovery,5,145,,cnfdf35,4.18.0-372.36.1.rt7.193.el8_6.x86_64,Yes
4.12,4.12.0-rc.1,4.12,Power off/on,Cluster Recovery,5,54,,cnfdf35,4.18.0-372.36.1.rt7.193.el8_6.x86_64,Yes
4.12,4.12.0,4.12,Soft reboot,Node Pingable,1,318,8.35,cnfdf35,4.18.0-372.42.1.el8_6.4139_755536100.x86_64,Yes
4.12,4.12.0,4.12,Soft reboot,OC Reachable,1,39,,cnfdf35,4.18.0-372.42.1.el8_6.4139_755536100.x86_64,Yes
4.12,4.12.0,4.12,Soft reboot,Workload Recovery,1,90,,cnfdf35,4.18.0-372.42.1.el8_6.4139_755536100.x86_64,Yes
4.12,4.12.0,4.12,Soft reboot,Cluster Recovery,1,54,,cnfdf35,4.18.0-372.42.1.el8_6.4139_755536100.x86_64,Yes
4.12,4.12.0,4.12,Soft reboot,Node Pingable,2,239,7.40,cnfdf35,4.18.0-372.42.1.el8_6.4139_755536100.x86_64,Yes
4.12,4.12.0,4.12,Soft reboot,OC Reachable,2,36,,cnfdf35,4.18.0-372.42.1.el8_6.4139_755536100.x86_64,Yes
4.12,4.12.0,4.12,Soft reboot,Workload Recovery,2,115,,cnfdf35,4.18.0-372.42.1.el8_6.4139_755536100.x86_64,Yes
4.12,4.12.0,4.12,Soft reboot,Cluster Recovery,2,54,,cnfdf35,4.18.0-372.42.1.el8_6.4139_755536100.x86_64,Yes
4.12,4.12.0,4.12,Power off/on,Node Pingable,1,231,7.28,cnfdf35,4.18.0-372.42.1.el8_6.4139_755536100.x86_64,Yes
4.12,4.12.0,4.12,Power off/on,OC Reachable,1,43,,cnfdf35,4.18.0-372.42.1.el8_6.4139_755536100.x86_64,Yes
4.12,4.12.0,4.12,Power off/on,Workload Recovery,1,125,,cnfdf35,4.18.0-372.42.1.el8_6.4139_755536100.x86_64,Yes
4.12,4.12.0,4.12,Power off/on,Cluster Recovery,1,38,,cnfdf35,4.18.0-372.42.1.el8_6.4139_755536100.x86_64,Yes
4.12,4.12.0,4.12,Power off/on,Node Pingable,2,231,7.72,cnfdf35,4.18.0-372.42.1.el8_6.4139_755536100.x86_64,Yes
4.12,4.12.0,4.12,Power off/on,OC Reachable,2,69,,cnfdf35,4.18.0-372.42.1.el8_6.4139_755536100.x86_64,Yes
4.12,4.12.0,4.12,Power off/on,Workload Recovery,2,125,,cnfdf35,4.18.0-372.42.1.el8_6.4139_755536100.x86_64,Yes
4.12,4.12.0,4.12,Power off/on,Cluster Recovery,2,38,,cnfdf35,4.18.0-372.42.1.el8_6.4139_755536100.x86_64,Yes
4.13,4.13.0-0.ci.test-2023-03-02-214629-ci-ln-xw171tb-latest,4.13,Soft reboot,Node Pingable,1,269,8.28,cnfdf35,5.14.0-283.rt14.283.el9.x86_64,Yes
4.13,4.13.0-0.ci.test-2023-03-02-214629-ci-ln-xw171tb-latest,4.13,Soft reboot,OC Reachable,1,36,,cnfdf35,5.14.0-283.rt14.283.el9.x86_64,Yes
4.13,4.13.0-0.ci.test-2023-03-02-214629-ci-ln-xw171tb-latest,4.13,Soft reboot,Workload Recovery,1,100,,cnfdf35,5.14.0-283.rt14.283.el9.x86_64,Yes
4.13,4.13.0-0.ci.test-2023-03-02-214629-ci-ln-xw171tb-latest,4.13,Soft reboot,Cluster Recovery,1,92,,cnfdf35,5.14.0-283.rt14.283.el9.x86_64,Yes
4.13,4.13.0-0.ci.test-2023-03-02-214629-ci-ln-xw171tb-latest,4.13,Soft reboot,Node Pingable,2,171,8.00,cnfdf35,5.14.0-283.rt14.283.el9.x86_64,Yes
4.13,4.13.0-0.ci.test-2023-03-02-214629-ci-ln-xw171tb-latest,4.13,Soft reboot,OC Reachable,2,36,,cnfdf35,5.14.0-283.rt14.283.el9.x86_64,Yes
4.13,4.13.0-0.ci.test-2023-03-02-214629-ci-ln-xw171tb-latest,4.13,Soft reboot,Workload Recovery,2,95,,cnfdf35,5.14.0-283.rt14.283.el9.x86_64,Yes
4.13,4.13.0-0.ci.test-2023-03-02-214629-ci-ln-xw171tb-latest,4.13,Soft reboot,Cluster Recovery,2,178,,cnfdf35,5.14.0-283.rt14.283.el9.x86_64,Yes
4.13,4.13.0-0.ci.test-2023-03-02-214629-ci-ln-xw171tb-latest,4.13,Power off/on,Node Pingable,1,231,7.50,cnfdf35,5.14.0-283.rt14.283.el9.x86_64,Yes
4.13,4.13.0-0.ci.test-2023-03-02-214629-ci-ln-xw171tb-latest,4.13,Power off/on,OC Reachable,1,15,,cnfdf35,5.14.0-283.rt14.283.el9.x86_64,Yes
4.13,4.13.0-0.ci.test-2023-03-02-214629-ci-ln-xw171tb-latest,4.13,Power off/on,Workload Recovery,1,150,,cnfdf35,5.14.0-283.rt14.283.el9.x86_64,Yes
4.13,4.13.0-0.ci.test-2023-03-02-214629-ci-ln-xw171tb-latest,4.13,Power off/on,Cluster Recovery,1,54,,cnfdf35,5.14.0-283.rt14.283.el9.x86_64,Yes
4.13,4.13.0-0.ci.test-2023-03-02-214629-ci-ln-xw171tb-latest,4.13,Power off/on,Node Pingable,2,231,8.50,cnfdf35,5.14.0-283.rt14.283.el9.x86_64,Yes
4.13,4.13.0-0.ci.test-2023-03-02-214629-ci-ln-xw171tb-latest,4.13,Power off/on,OC Reachable,2,36,,cnfdf35,5.14.0-283.rt14.283.el9.x86_64,Yes
4.13,4.13.0-0.ci.test-2023-03-02-214629-ci-ln-xw171tb-latest,4.13,Power off/on,Workload Recovery,2,100,,cnfdf35,5.14.0-283.rt14.283.el9.x86_64,Yes
4.13,4.13.0-0.ci.test-2023-03-02-214629-ci-ln-xw171tb-latest,4.13,Power off/on,Cluster Recovery,2,143,,cnfdf35,5.14.0-283.rt14.283.el9.x86_64,Yes
4.12,4.12.6-SPR,4.12,Soft reboot,Node Pingable,1,149,6.72,cnfde30,4.18.0-372.46.1.el8_6.x86_64,No
4.12,4.12.6-SPR,4.12,Soft reboot,OC Reachable,1,81,,cnfde30,4.18.0-372.46.1.el8_6.x86_64,No
4.12,4.12.6-SPR,4.12,Soft reboot,Workload Recovery,1,100,,cnfde30,4.18.0-372.46.1.el8_6.x86_64,No
4.12,4.12.6-SPR,4.12,Soft reboot,Cluster Recovery,1,73,,cnfde30,4.18.0-372.46.1.el8_6.x86_64,No
4.12,4.12.6-SPR,4.12,Soft reboot,Node Pingable,2,154,6.92,cnfde30,4.18.0-372.46.1.el8_6.x86_64,No
4.12,4.12.6-SPR,4.12,Soft reboot,OC Reachable,2,78,,cnfde30,4.18.0-372.46.1.el8_6.x86_64,No
4.12,4.12.6-SPR,4.12,Soft reboot,Workload Recovery,2,145,,cnfde30,4.18.0-372.46.1.el8_6.x86_64,No
4.12,4.12.6-SPR,4.12,Soft reboot,Cluster Recovery,2,38,,cnfde30,4.18.0-372.46.1.el8_6.x86_64,No
4.12,4.12.6-SPR,4.12,Power off/on,Node Pingable,1,113,7.40,cnfde30,4.18.0-372.46.1.el8_6.x86_64,No
4.12,4.12.6-SPR,4.12,Power off/on,OC Reachable,1,87,,cnfde30,4.18.0-372.46.1.el8_6.x86_64,No
4.12,4.12.6-SPR,4.12,Power off/on,Workload Recovery,1,190,,cnfde30,4.18.0-372.46.1.el8_6.x86_64,No
4.12,4.12.6-SPR,4.12,Power off/on,Cluster Recovery,1,54,,cnfde30,4.18.0-372.46.1.el8_6.x86_64,No
4.12,4.12.6-SPR,4.12,Power off/on,Node Pingable,2,113,6.97,cnfde30,4.18.0-372.46.1.el8_6.x86_64,No
4.12,4.12.6-SPR,4.12,Power off/on,OC Reachable,2,87,,cnfde30,4.18.0-372.46.1.el8_6.x86_64,No
4.12,4.12.6-SPR,4.12,Power off/on,Workload Recovery,2,180,,cnfde30,4.18.0-372.46.1.el8_6.x86_64,No
4.12,4.12.6-SPR,4.12,Power off/on,Cluster Recovery,2,38,,cnfde30,4.18.0-372.46.1.el8_6.x86_64,No